,transit_duration_hours,shipment_value_usd,temperature_celsius,humidity_percent,delay_duration_hours,delay_penalty_rate_usd_per_hr,total_delay_penalty_usd
count,358990.0,358990.0,358990.0,358990.0,358990.0,358990.0,358990.0
mean,324.64969442045737,71086.38398161509,17.554725702665813,61.41649263210674,14.97248371820942,6.472910916738628,263.2799771302822
std,191.64324909820917,58342.12057080482,18.598190560769325,16.441328565223007,32.6617171980329,8.903652225792815,595.3876259234245
min,48.0,2423.52,-25.0,30.0,0.0,0.0,0.0
25%,157.0,29572.26,9.68,47.3,0.0,0.0,0.0
50%,283.2,51989.925,23.18,63.61,0.0,0.0,0.0
75%,483.975,94609.085,31.56,75.25,16.05,14.92,265.3575
max,719.9,500000.0,41.98,89.98,400.0,27.46,10506.24
